word,price,pv,show,showRate,click,cost,CPC,rank,recBid
导航,0.3,27598,23036,0.38,3801.06,581.36,0.15,2,0.3
导航,0.4,27598,29406,0.49,4890.13,977.73,0.2,2,0.3
导航,0.5,27598,34556,0.58,5812.93,1413.51,0.24,1,0.3
导航,0.6,27598,38464,0.65,6538.3,1837.25,0.28,1,0.3
导航,0.7,27598,41420,0.7,7118.74,2226.05,0.31,1,0.0
导航,0.7999999999999999,27598,43772,0.74,7595.86,2590.85,0.34,1,0.3
导航,0.8999999999999999,27598,45713,0.76,8009.52,2942.73,0.37,1,0.3
导航,0.9999999999999999,27598,47331,0.79,8357.39,3278.71,0.39,1,0.3
导航,1.0999999999999999,27598,48739,0.82,8671.86,3617.02,0.42,1,0.3
导航,1.2,27598,49870,0.84,8927.34,3932.71,0.44,1,0.3
导航,1.3,27598,50867,0.85,9164.74,4235.73,0.46,1,0.3
导航,1.4000000000000001,27598,51746,0.87,9374.58,4531.0,0.48,1,0.3
导航,1.5000000000000002,27598,52490,0.88,9556.66,4804.0,0.5,1,0.3
导航,1.6000000000000003,27598,53143,0.89,9717.32,5064.46,0.52,1,0.3
导航,1.7000000000000004,27598,53719,0.9,9855.95,5313.66,0.54,1,0.3
导航,1.8000000000000005,27598,54239,0.91,9989.58,5551.73,0.56,1,0.3
导航,1.9000000000000006,27598,54708,0.92,10104.32,5788.23,0.57,1,0.0
导航,2.0000000000000004,27598,55146,0.93,10218.54,6045.77,0.59,1,0.0
导航,2.1000000000000005,27598,55550,0.93,10326.1,6298.96,0.61,1,0.0
导航,2.2000000000000006,27598,55937,0.94,10426.52,6556.58,0.63,1,0.0
导航,2.3000000000000007,27598,56278,0.94,10516.69,6794.51,0.65,1,0.3
导航,2.400000000000001,27598,56581,0.95,10596.35,7022.94,0.66,1,0.3
导航,2.500000000000001,27598,56841,0.95,10668.58,7246.89,0.68,1,0.3
导航,2.600000000000001,27598,57081,0.96,10732.35,7474.01,0.7,1,0.3
导航,2.700000000000001,27598,57296,0.96,10791.16,7687.4,0.71,1,0.3
导航,2.800000000000001,27598,57464,0.97,10838.45,7867.26,0.73,1,0.3
导航,2.9000000000000012,27598,57612,0.97,10878.81,8056.87,0.74,1,0.0
导航,3.0000000000000013,27598,57735,0.97,10914.24,8237.25,0.75,1,0.0
导航,3.1000000000000014,27598,57852,0.97,10944.82,8384.52,0.77,1,0.3
导航,3.2000000000000015,27598,57957,0.97,10970.52,8514.49,0.78,1,0.3
导航,3.3000000000000016,27598,58041,0.98,10990.16,8637.25,0.79,1,0.0
导航,3.4000000000000017,27598,58114,0.98,11008.44,8745.06,0.79,1,0.3
导航,3.5000000000000018,27598,58183,0.98,11023.33,8836.79,0.8,1,0.3
导航,3.600000000000002,27598,58236,0.98,11033.98,8909.93,0.81,1,0.3
导航,3.700000000000002,27598,58289,0.98,11043.96,8977.35,0.81,1,0.3
导航,3.800000000000002,27598,51512,0.98,9700.59,7861.12,0.81,1,0.3
导航,3.900000000000002,27598,58381,0.98,11063.49,9108.62,0.82,1,0.3
导航,4.000000000000002,27598,58417,0.98,11070.0,9153.27,0.83,1,0.0
导航,4.100000000000001,27598,58453,0.98,11076.88,9203.92,0.83,1,0.3
导航,4.200000000000001,27598,58487,0.98,11083.15,9238.8,0.83,1,0.0
导航,4.300000000000001,27598,58515,0.98,11088.52,9270.07,0.84,1,0.3
导航,4.4,27598,58544,0.98,11093.75,9315.01,0.84,1,0.3
导航,4.5,27598,58573,0.98,11099.08,9354.5,0.84,1,0.0
导航,4.6,27598,58597,0.98,11103.29,9379.8,0.84,1,0.3
导航,4.699999999999999,27598,58623,0.99,11107.85,9407.02,0.85,1,0.0
导航,4.799999999999999,27598,58650,0.99,11113.11,9441.12,0.85,1,0.3
导航,4.899999999999999,27598,58671,0.99,11117.51,9467.27,0.85,1,0.3
导航,4.999999999999998,27598,58692,0.99,11121.49,9492.32,0.85,1,0.3
导航,5.099999999999998,27598,58713,0.99,11125.55,9522.61,0.86,1,0.3
导航,5.1999999999999975,27598,58733,0.99,11129.6,9552.21,0.86,1,0.3
导航,5.299999999999997,27598,58751,0.99,11133.5,9578.39,0.86,1,0.3
导航,5.399999999999997,27598,58770,0.99,11137.65,9606.07,0.86,1,0.3
导航,5.4999999999999964,27598,58796,0.99,11143.24,9644.25,0.87,1,0.0
导航,5.599999999999996,27598,58816,0.99,11148.25,9681.65,0.87,1,0.0
导航,5.699999999999996,27598,58837,0.99,11153.15,9717.31,0.87,1,0.3
导航,5.799999999999995,27598,58856,0.99,11157.83,9750.75,0.87,1,0.0
导航,5.899999999999995,27598,58877,0.99,11162.64,9785.99,0.88,1,0.0
导航,5.999999999999995,27598,58893,0.99,11166.68,9814.14,0.88,1,0.3
导航,6.099999999999994,27598,58913,0.99,11171.62,9854.27,0.88,1,0.3
导航,6.199999999999994,27598,58935,0.99,11177.83,9899.28,0.89,1,0.3
导航,6.299999999999994,27598,58956,0.99,11182.83,9942.53,0.89,1,0.0
导航,6.399999999999993,27598,58976,0.99,11188.21,9982.76,0.89,1,0.3
导航,6.499999999999993,27598,58995,0.99,11193.08,10022.54,0.9,1,0.3
导航,6.5999999999999925,27598,59018,0.99,11198.62,10069.13,0.9,1,0.3
导航,6.699999999999992,27598,59035,0.99,11202.86,10101.98,0.9,1,0.3
导航,6.799999999999992,27598,59058,0.99,11209.23,10152.32,0.91,1,0.3
导航,6.8999999999999915,27598,59074,0.99,11213.24,10184.35,0.91,1,0.0
导航,6.999999999999991,27598,59089,0.99,11217.23,10214.92,0.91,1,0.3
导航,7.099999999999991,27598,59105,0.99,11221.83,10258.89,0.91,1,0.0
导航,7.19999999999999,27598,59121,0.99,11225.65,10291.37,0.92,1,0.3
导航,7.29999999999999,27598,44389,0.99,8520.55,8028.41,0.94,1,0.3
导航,7.39999999999999,27598,59151,0.99,11233.38,10361.94,0.92,1,0.3
导航,7.499999999999989,27598,59167,0.99,11237.14,10396.92,0.93,1,0.0
导航,7.599999999999989,27598,59178,0.99,11239.84,10420.49,0.93,1,0.3
导航,7.699999999999989,27598,59192,0.99,11243.5,10454.63,0.93,1,0.0
导航,7.799999999999988,27598,59207,1.0,11247.02,10487.94,0.93,1,0.0
导航,7.899999999999988,27598,59221,1.0,11250.3,10520.21,0.94,1,0.3
导航,7.999999999999988,27598,59236,1.0,11253.76,10553.09,0.94,1,0.3
导航,8.099999999999987,27598,59249,1.0,11257.24,10586.32,0.94,1,0.3
导航,8.199999999999987,27598,59259,1.0,11259.94,10610.77,0.94,1,0.3
导航,8.299999999999986,27598,59270,1.0,11262.73,10633.56,0.94,1,0.3
导航,8.399999999999986,27598,59282,1.0,11265.98,10665.39,0.95,1,0.0
导航,8.499999999999986,27598,59294,1.0,11269.27,10695.74,0.95,1,0.3
导航,8.599999999999985,27598,59303,1.0,11271.49,10719.43,0.95,1,0.3
导航,8.699999999999985,27598,59314,1.0,11274.28,10748.03,0.95,1,0.3
导航,8.799999999999985,27598,59326,1.0,11277.52,10776.77,0.96,1,0.3
导航,8.899999999999984,27598,59339,1.0,11281.13,10816.88,0.96,1,0.3
导航,8.999999999999984,27598,59351,1.0,11284.39,10851.49,0.96,1,0.0
导航,9.099999999999984,27598,59360,1.0,11287.26,10879.12,0.96,1,0.3
导航,9.199999999999983,27598,59369,1.0,11289.38,10900.65,0.97,1,0.3
导航,9.299999999999983,27598,59382,1.0,11292.38,10931.59,0.97,1,0.3
导航,9.399999999999983,27598,59387,1.0,11293.98,10950.34,0.97,1,0.3
导航,9.499999999999982,27598,59397,1.0,11296.41,10977.47,0.97,1,0.3
导航,9.599999999999982,27598,59406,1.0,11298.84,11005.96,0.97,1,0.3
导航,9.699999999999982,27598,59413,1.0,11300.38,11023.65,0.98,1,0.3
导航,9.799999999999981,27598,59421,1.0,11302.38,11045.12,0.98,1,0.0
导航,9.89999999999998,27598,59427,1.0,11304.36,11068.61,0.98,1,0.0
导航,9.99999999999998,27598,59434,1.0,11306.12,11088.54,0.98,1,0.0
导航地图,0.3,47117,32740,0.4,5265.14,841.62,0.16,1,0.33
导航地图,0.4,47117,39575,0.49,6364.48,1233.08,0.19,1,0.0
导航地图,0.5,47117,44250,0.55,7160.63,1597.65,0.22,1,0.33
导航地图,0.6,47117,47505,0.59,7743.9,1924.5,0.25,1,0.33
导航地图,0.7,47117,50011,0.62,8213.9,2236.99,0.27,1,0.33
导航地图,0.7999999999999999,47117,52092,0.65,8617.54,2544.31,0.3,1,0.33
导航地图,0.8999999999999999,47117,53810,0.67,8961.14,2836.22,0.32,1,0.33
导航地图,0.9999999999999999,47117,55332,0.69,9263.59,3134.84,0.34,1,0.33
导航地图,1.0999999999999999,47117,50812,0.71,8552.06,3084.3,0.36,1,0.33
导航地图,1.2,47117,57950,0.72,9771.29,3746.3,0.38,1,0.33
导航地图,1.3,47117,59141,0.74,10006.38,4070.53,0.41,1,0.33
导航地图,1.4000000000000001,47117,60286,0.75,10234.6,4409.76,0.43,1,0.0
导航地图,1.5000000000000002,47117,61374,0.75,10453.7,4762.28,0.46,1,0.33
导航地图,1.6000000000000003,47117,62401,0.77,10661.15,5128.76,0.48,1,0.33
导航地图,1.7000000000000004,47117,63362,0.78,10853.11,5489.07,0.51,1,0.33
导航地图,1.8000000000000005,47117,64266,0.79,11038.95,5868.02,0.53,1,0.33
导航地图,1.9000000000000006,47117,65138,0.8,11218.97,6246.77,0.56,1,0.33
导航地图,2.0000000000000004,47117,65933,0.81,11382.51,6618.28,0.58,1,0.33
导航地图,2.1000000000000005,47117,66657,0.82,11529.78,6975.65,0.61,1,0.33
导航地图,2.2000000000000006,47117,67347,0.83,11673.02,7336.98,0.63,1,0.33
导航地图,2.3000000000000007,47117,67957,0.84,11798.76,7666.52,0.65,1,0.33
导航地图,2.400000000000001,47117,68522,0.85,11916.49,7996.38,0.67,1,0.33
导航地图,2.500000000000001,47117,69055,0.85,12026.17,8317.92,0.69,1,0.33
导航地图,2.600000000000001,47117,69531,0.86,12126.06,8627.24,0.71,1,0.33
导航地图,2.700000000000001,47117,69985,0.86,12220.12,8938.42,0.73,1,0.33
导航地图,2.800000000000001,47117,70400,0.87,12306.54,9221.95,0.75,1,0.33
导航地图,2.9000000000000012,47117,70779,0.87,12385.22,9485.89,0.77,1,0.33
导航地图,3.0000000000000013,47117,71123,0.88,12455.95,9736.48,0.78,1,0.0
导航地图,3.1000000000000014,47117,71418,0.88,12516.51,9961.39,0.8,1,0.0
导航地图,3.2000000000000015,47117,71714,0.89,12575.54,10189.88,0.81,1,0.33
导航地图,3.3000000000000016,47117,71987,0.89,12630.24,10404.95,0.82,1,0.33
导航地图,3.4000000000000017,47117,72257,0.89,12685.21,10624.76,0.84,1,0.0
导航地图,3.5000000000000018,47117,72510,0.9,12735.88,10839.51,0.85,1,0.0
导航地图,3.600000000000002,47117,72760,0.9,12786.98,11066.82,0.87,1,0.33
导航地图,3.700000000000002,47117,73006,0.9,12835.38,11287.12,0.88,1,0.33
导航地图,3.800000000000002,47117,73230,0.9,12880.43,11494.7,0.89,1,0.33
导航地图,3.900000000000002,47117,73464,0.91,12928.01,11724.8,0.91,1,0.0
导航地图,4.000000000000002,47117,73692,0.91,12973.51,11943.33,0.92,1,0.33
导航地图,4.100000000000001,47117,73893,0.91,13013.38,12139.8,0.93,1,0.33
导航地图,4.200000000000001,47117,74111,0.92,13057.22,12361.09,0.95,1,0.33
导航地图,4.300000000000001,47117,74314,0.92,13097.86,12571.13,0.96,1,0.33
导航地图,4.4,47117,74505,0.92,13136.88,12787.17,0.97,1,0.33
导航地图,4.5,47117,74693,0.92,13175.6,13002.26,0.99,1,0.33
导航地图,4.6,47117,74874,0.93,13211.66,13212.26,1.0,1,0.33
导航地图,4.699999999999999,47117,75052,0.93,13248.32,13419.88,1.01,1,0.33
导航地图,4.799999999999999,47117,75227,0.93,13283.48,13636.04,1.03,1,0.33
导航地图,4.899999999999999,47117,75386,0.93,13316.62,13836.12,1.04,1,0.33
导航地图,4.999999999999998,47117,75554,0.93,13350.39,14035.94,1.05,1,0.33
导航地图,5.099999999999998,47117,75711,0.94,13381.61,14235.57,1.06,1,0.33
导航地图,5.1999999999999975,47117,75873,0.94,13412.86,14438.87,1.08,1,0.33
导航地图,5.299999999999997,47117,76026,0.94,13443.34,14643.55,1.09,1,0.0
导航地图,5.399999999999997,47117,76187,0.94,13475.17,14854.52,1.1,1,0.33
导航地图,5.4999999999999964,47117,76321,0.94,13502.18,15035.12,1.11,1,0.33
导航地图,5.599999999999996,47117,76465,0.95,13531.02,15244.16,1.13,1,0.33
导航地图,5.699999999999996,47117,76611,0.95,13560.79,15458.96,1.14,1,0.33
导航地图,5.799999999999995,47117,76758,0.95,13588.78,15672.48,1.15,1,0.33
导航地图,5.899999999999995,47117,76901,0.95,13616.68,15885.83,1.17,1,0.33
导航地图,5.999999999999995,47117,77044,0.95,13645.22,16099.01,1.18,1,0.33
导航地图,6.099999999999994,47117,68314,0.95,12071.7,14367.7,1.19,1,0.33
导航地图,6.199999999999994,47117,77306,0.96,13696.83,16509.99,1.21,1,0.33
导航地图,6.299999999999994,47117,77437,0.96,13721.97,16711.01,1.22,1,0.33
导航地图,6.399999999999993,47117,77566,0.96,13746.68,16921.35,1.23,1,0.33
导航地图,6.499999999999993,47117,77689,0.96,13770.57,17122.12,1.24,1,0.33
导航地图,6.5999999999999925,47117,77804,0.96,13792.11,17300.63,1.25,1,0.33
导航地图,6.699999999999992,47117,77910,0.96,13811.85,17469.47,1.26,1,0.33
导航地图,6.799999999999992,47117,78006,0.96,13830.9,17643.92,1.28,1,0.33
导航地图,6.8999999999999915,47117,78119,0.97,13852.03,17831.05,1.29,1,0.33
导航地图,6.999999999999991,47117,78216,0.97,13871.03,17995.21,1.3,1,0.0
导航地图,7.099999999999991,47117,78313,0.97,13889.65,18174.11,1.31,1,0.33
导航地图,7.19999999999999,47117,78404,0.97,13906.66,18335.98,1.32,1,0.33
导航地图,7.29999999999999,47117,78497,0.97,13924.82,18518.14,1.33,1,0.33
导航地图,7.39999999999999,47117,78586,0.97,13942.11,18686.54,1.34,1,0.0
导航地图,7.499999999999989,47117,78667,0.97,13956.89,18825.66,1.35,1,0.33
导航地图,7.599999999999989,47117,78747,0.97,13970.57,18969.02,1.36,1,0.33
导航地图,7.699999999999989,47117,78830,0.98,13986.04,19133.28,1.37,1,0.33
导航地图,7.799999999999988,47117,78909,0.98,14000.12,19276.36,1.38,1,0.33
导航地图,7.899999999999988,47117,78978,0.98,14012.96,19416.16,1.39,1,0.0
导航地图,7.999999999999988,47117,79053,0.98,14026.23,19542.22,1.39,1,0.0
导航地图,8.099999999999987,47117,79119,0.98,14038.0,19659.88,1.4,1,0.0
导航地图,8.199999999999987,47117,61200,0.98,10881.31,15210.96,1.4,1,0.33
导航地图,8.299999999999986,47117,79251,0.98,14060.77,19900.16,1.42,1,0.0
导航地图,8.399999999999986,47117,79318,0.98,14072.78,20029.89,1.42,1,0.33
导航地图,8.499999999999986,47117,79382,0.98,14084.39,20158.22,1.43,1,0.33
导航地图,8.599999999999985,47117,79446,0.98,14094.96,20280.64,1.44,1,0.33
导航地图,8.699999999999985,47117,79508,0.98,14106.14,20413.34,1.45,1,0.33
导航地图,8.799999999999985,47117,79566,0.98,14116.09,20532.84,1.45,1,0.33
导航地图,8.899999999999984,47117,79626,0.99,14126.21,20644.27,1.46,1,0.0
导航地图,8.999999999999984,47117,79685,0.99,14136.88,20758.76,1.47,1,0.0
导航地图,9.099999999999984,47117,79737,0.99,14145.92,20863.95,1.47,1,0.33
导航地图,9.199999999999983,47117,79787,0.99,14154.53,20956.64,1.48,1,0.33
导航地图,9.299999999999983,47117,79833,0.99,14162.77,21063.32,1.49,1,0.33
导航地图,9.399999999999983,47117,79883,0.99,14171.29,21154.09,1.49,1,0.33
导航地图,9.499999999999982,47117,79929,0.99,14178.67,21235.86,1.5,1,0.0
导航地图,9.599999999999982,47117,79972,0.99,14185.78,21314.86,1.5,1,0.33
导航地图,9.699999999999982,47117,80021,0.99,14194.23,21423.82,1.51,1,0.0
导航地图,9.799999999999981,47117,80063,0.99,14200.98,21511.74,1.51,1,0.33
导航地图,9.89999999999998,47117,80103,0.99,14207.17,21583.59,1.52,1,0.0
导航地图,9.99999999999998,47117,80144,0.99,14213.6,21664.52,1.52,1,0.33
导航系统下载,0.3,6,0,0.0,0.0,0.0,0.0,0,0.3
导航系统下载,0.4,6,0,0.0,0.0,0.0,0.0,0,0.3
导航系统下载,0.5,6,0,0.0,0.0,0.0,0.0,0,0.0
导航系统下载,0.6,6,1,1.0,0.09,0.02,0.23,2,0.0
导航系统下载,0.7,6,1,1.0,0.09,0.02,0.23,2,0.3
导航系统下载,0.7999999999999999,6,1,1.0,0.09,0.02,0.23,2,0.3
导航系统下载,0.8999999999999999,6,1,1.0,0.11,0.04,0.36,2,0.3
导航系统下载,0.9999999999999999,6,1,1.0,0.17,0.08,0.47,1,0.0
导航系统下载,1.0999999999999999,6,1,1.0,0.17,0.08,0.47,1,0.3
导航系统下载,1.2,6,1,1.0,0.17,0.08,0.47,1,0.0
导航系统下载,1.3,6,1,1.0,0.17,0.08,0.47,1,0.3
导航系统下载,1.4000000000000001,6,1,1.0,0.17,0.08,0.47,1,0.3
导航系统下载,1.5000000000000002,6,1,1.0,0.17,0.08,0.47,1,0.0
导航系统下载,1.6000000000000003,6,0,0.0,0.0,0.0,0.0,0,0.0
导航系统下载,1.7000000000000004,6,1,1.0,0.17,0.08,0.47,1,0.3
导航系统下载,1.8000000000000005,6,1,1.0,0.17,0.08,0.47,1,0.3
导航系统下载,1.9000000000000006,6,1,1.0,0.17,0.08,0.47,1,0.3
导航系统下载,2.0000000000000004,6,1,1.0,0.17,0.08,0.47,1,0.0
导航系统下载,2.1000000000000005,6,1,1.0,0.17,0.08,0.47,1,0.3
导航系统下载,2.2000000000000006,6,1,1.0,0.17,0.08,0.47,1,0.3
导航系统下载,2.3000000000000007,6,1,1.0,0.17,0.08,0.47,1,0.3
导航系统下载,2.400000000000001,6,1,1.0,0.17,0.08,0.47,1,0.3
导航系统下载,2.500000000000001,6,1,1.0,0.17,0.08,0.47,1,0.3
导航系统下载,2.600000000000001,6,1,1.0,0.17,0.08,0.47,1,0.3
导航系统下载,2.700000000000001,6,1,1.0,0.17,0.08,0.47,1,0.3
导航系统下载,2.800000000000001,6,1,1.0,0.17,0.08,0.47,1,0.3
导航系统下载,2.9000000000000012,6,1,1.0,0.17,0.08,0.47,1,0.3
导航系统下载,3.0000000000000013,6,1,1.0,0.17,0.08,0.47,1,0.0
导航系统下载,3.1000000000000014,6,1,1.0,0.17,0.08,0.47,1,0.3
导航系统下载,3.2000000000000015,6,1,1.0,0.17,0.08,0.47,1,0.3
导航系统下载,3.3000000000000016,6,1,1.0,0.17,0.08,0.47,1,0.3
导航系统下载,3.4000000000000017,6,1,1.0,0.17,0.08,0.47,1,0.3
导航系统下载,3.5000000000000018,6,1,1.0,0.17,0.08,0.47,1,0.3
导航系统下载,3.600000000000002,6,1,1.0,0.17,0.08,0.47,1,0.0
导航系统下载,3.700000000000002,6,1,1.0,0.17,0.08,0.47,1,0.3
导航系统下载,3.800000000000002,6,1,1.0,0.17,0.08,0.47,1,0.3
导航系统下载,3.900000000000002,6,1,1.0,0.17,0.08,0.47,1,0.3
导航系统下载,4.000000000000002,6,1,1.0,0.17,0.08,0.47,1,0.3
导航系统下载,4.100000000000001,6,1,1.0,0.17,0.08,0.47,1,0.0
导航系统下载,4.200000000000001,6,1,1.0,0.17,0.08,0.47,1,0.0
导航系统下载,4.300000000000001,6,1,1.0,0.17,0.08,0.47,1,0.3
导航系统下载,4.4,6,1,1.0,0.17,0.08,0.47,1,0.3
导航系统下载,4.5,6,1,1.0,0.17,0.08,0.47,1,0.0
导航系统下载,4.6,6,1,1.0,0.17,0.08,0.47,1,0.3
导航系统下载,4.699999999999999,6,1,1.0,0.17,0.08,0.47,1,0.0
导航系统下载,4.799999999999999,6,1,1.0,0.17,0.08,0.47,1,0.3
导航系统下载,4.899999999999999,6,1,1.0,0.17,0.08,0.47,1,0.0
导航系统下载,4.999999999999998,6,1,1.0,0.17,0.08,0.47,1,0.3
导航系统下载,5.099999999999998,6,1,1.0,0.17,0.08,0.47,1,0.3
导航系统下载,5.1999999999999975,6,1,1.0,0.17,0.08,0.47,1,0.3
导航系统下载,5.299999999999997,6,1,1.0,0.17,0.08,0.47,1,0.3
导航系统下载,5.399999999999997,6,1,1.0,0.17,0.08,0.47,1,0.0
导航系统下载,5.4999999999999964,6,1,1.0,0.17,0.08,0.47,1,0.3
导航系统下载,5.599999999999996,6,1,1.0,0.17,0.08,0.47,1,0.3
导航系统下载,5.699999999999996,6,1,1.0,0.17,0.08,0.47,1,0.3
导航系统下载,5.799999999999995,6,1,1.0,0.17,0.08,0.47,1,0.3
导航系统下载,5.899999999999995,6,1,1.0,0.17,0.08,0.47,1,0.3
导航系统下载,5.999999999999995,6,1,1.0,0.17,0.08,0.47,1,0.3
导航系统下载,6.099999999999994,6,1,1.0,0.17,0.08,0.47,1,0.3
导航系统下载,6.199999999999994,6,1,1.0,0.17,0.08,0.47,1,0.0
导航系统下载,6.299999999999994,6,1,1.0,0.17,0.08,0.47,1,0.3
导航系统下载,6.399999999999993,6,1,1.0,0.17,0.08,0.47,1,0.0
导航系统下载,6.499999999999993,6,1,1.0,0.17,0.08,0.47,1,0.3
导航系统下载,6.5999999999999925,6,1,1.0,0.17,0.08,0.47,1,0.0
导航系统下载,6.699999999999992,6,1,1.0,0.17,0.08,0.47,1,0.3
导航系统下载,6.799999999999992,6,1,1.0,0.17,0.08,0.47,1,0.0
导航系统下载,6.8999999999999915,6,1,1.0,0.17,0.08,0.47,1,0.3
导航系统下载,6.999999999999991,6,1,1.0,0.17,0.08,0.47,1,0.3
导航系统下载,7.099999999999991,6,1,1.0,0.17,0.08,0.47,1,0.3
导航系统下载,7.19999999999999,6,1,1.0,0.17,0.08,0.47,1,0.3
导航系统下载,7.29999999999999,6,1,1.0,0.17,0.08,0.47,1,0.3
导航系统下载,7.39999999999999,6,1,1.0,0.17,0.08,0.47,1,0.3
导航系统下载,7.499999999999989,6,1,1.0,0.17,0.08,0.47,1,0.3
导航系统下载,7.599999999999989,6,1,1.0,0.17,0.08,0.47,1,0.3
导航系统下载,7.699999999999989,6,1,1.0,0.17,0.08,0.47,1,0.0
导航系统下载,7.799999999999988,6,1,1.0,0.17,0.08,0.47,1,0.3
导航系统下载,7.899999999999988,6,1,1.0,0.17,0.08,0.47,1,0.3
导航系统下载,7.999999999999988,6,1,1.0,0.17,0.08,0.47,1,0.3
导航系统下载,8.099999999999987,6,1,1.0,0.17,0.08,0.47,1,0.0
导航系统下载,8.199999999999987,6,1,1.0,0.17,0.08,0.47,1,0.3
导航系统下载,8.299999999999986,6,1,1.0,0.17,0.08,0.47,1,0.3
导航系统下载,8.399999999999986,6,1,1.0,0.17,0.08,0.47,1,0.3
导航系统下载,8.599999999999985,6,1,1.0,0.17,0.08,0.47,1,0.0
导航系统下载,8.699999999999985,6,1,1.0,0.17,0.08,0.47,1,0.3
导航系统下载,8.799999999999985,6,1,1.0,0.17,0.08,0.47,1,0.3
导航系统下载,8.899999999999984,6,1,1.0,0.17,0.08,0.47,1,0.3
导航系统下载,8.999999999999984,6,1,1.0,0.17,0.08,0.47,1,0.3
导航系统下载,9.099999999999984,6,1,1.0,0.17,0.08,0.47,1,0.3
导航系统下载,9.199999999999983,6,1,1.0,0.17,0.08,0.47,1,0.3
导航系统下载,9.299999999999983,6,1,1.0,0.17,0.08,0.47,1,0.3
导航系统下载,9.399999999999983,6,1,1.0,0.17,0.08,0.47,1,0.3
导航系统下载,9.499999999999982,6,1,1.0,0.17,0.08,0.47,1,0.3
导航系统下载,9.599999999999982,6,1,1.0,0.17,0.08,0.47,1,0.3
导航系统下载,9.699999999999982,6,1,1.0,0.17,0.08,0.47,1,0.3
导航系统下载,9.799999999999981,6,1,1.0,0.17,0.08,0.47,1,0.3
导航系统下载,9.89999999999998,6,1,1.0,0.17,0.08,0.47,1,0.0
导航系统下载,9.99999999999998,6,1,1.0,0.17,0.08,0.47,1,0.0
手机导航,0.3,17620,10259,0.37,1672.25,276.21,0.17,2,0.3
手机导航,0.4,17620,13229,0.48,2185.3,464.12,0.21,2,0.3
手机导航,0.5,17620,15648,0.57,2626.77,671.36,0.26,1,0.3
手机导航,0.6,17620,17627,0.65,3010.83,890.51,0.3,1,0.0
手机导航,0.7,17620,19261,0.71,3350.62,1117.65,0.33,1,0.3
手机导航,0.7999999999999999,17620,20524,0.75,3626.42,1337.75,0.37,1,0.3
手机导航,0.8999999999999999,17620,21475,0.78,3847.12,1538.28,0.4,1,0.3
手机导航,0.9999999999999999,17620,22174,0.81,4023.48,1712.99,0.43,1,0.3
手机导航,1.0999999999999999,17620,22708,0.83,4169.47,1862.44,0.45,1,0.0
手机导航,1.2,17620,23104,0.84,4287.77,1989.08,0.46,1,0.3
手机导航,1.3,17620,23441,0.85,4392.71,2113.77,0.48,1,0.0
手机导航,1.4000000000000001,17620,23699,0.86,4474.22,2214.2,0.49,1,0.0
手机导航,1.5000000000000002,17620,23924,0.87,4540.47,2311.58,0.51,1,0.3
手机导航,1.6000000000000003,17620,24127,0.88,4603.07,2414.44,0.52,1,0.3
手机导航,1.7000000000000004,17620,24300,0.89,4654.73,2509.84,0.54,1,0.3
手机导航,1.8000000000000005,17620,24452,0.89,4702.44,2600.38,0.55,1,0.3
手机导航,1.9000000000000006,17620,24600,0.9,4747.14,2694.45,0.57,1,0.3
手机导航,2.0000000000000004,17620,24727,0.9,4784.96,2778.22,0.58,1,0.3
手机导航,2.1000000000000005,17620,24848,0.91,4818.2,2858.75,0.59,1,0.3
手机导航,2.2000000000000006,17620,24958,0.91,4848.16,2939.39,0.61,1,0.3
手机导航,2.3000000000000007,17620,25057,0.91,4873.54,3011.18,0.62,1,0.3
手机导航,2.400000000000001,17620,25162,0.92,4901.62,3093.14,0.63,1,0.3
手机导航,2.500000000000001,17620,25254,0.92,4925.39,3167.27,0.64,1,0.3
手机导航,2.600000000000001,17620,25336,0.93,4947.68,3236.72,0.65,1,0.3
手机导航,2.700000000000001,17620,25415,0.93,4969.97,3306.37,0.67,1,0.3
手机导航,2.800000000000001,17620,25486,0.93,4989.35,3374.21,0.68,1,0.3
手机导航,2.9000000000000012,17620,25558,0.93,5009.4,3452.82,0.69,1,0.3
手机导航,3.0000000000000013,17620,25623,0.94,5027.29,3523.44,0.7,1,0.3
手机导航,3.1000000000000014,17620,25692,0.94,5047.86,3601.53,0.71,1,0.3
手机导航,3.2000000000000015,17620,25757,0.94,5066.56,3686.88,0.73,1,0.3
手机导航,3.3000000000000016,17620,25827,0.94,5085.61,3765.29,0.74,1,0.3
手机导航,3.4000000000000017,17620,25899,0.95,5107.49,3861.67,0.76,1,0.3
手机导航,3.5000000000000018,17620,25965,0.95,5125.52,3955.41,0.77,1,0.3
手机导航,3.600000000000002,17620,26025,0.95,5142.67,4041.6,0.79,1,0.3
手机导航,3.700000000000002,17620,26080,0.95,5161.87,4165.88,0.81,1,0.3
手机导航,3.800000000000002,17620,26125,0.95,5176.09,4241.02,0.82,1,0.3
手机导航,3.900000000000002,17620,26169,0.96,5189.5,4328.65,0.83,1,0.0
手机导航,4.000000000000002,17620,26211,0.96,5203.17,4411.15,0.85,1,0.3
手机导航,4.100000000000001,17620,26245,0.96,5214.26,4494.87,0.86,1,0.3
手机导航,4.200000000000001,17620,26277,0.96,5223.91,4583.0,0.88,1,0.0
手机导航,4.300000000000001,17620,26311,0.96,5236.13,4670.45,0.89,1,0.0
手机导航,4.4,17620,26337,0.96,5244.79,4742.85,0.9,1,0.3
手机导航,4.5,17620,26367,0.96,5253.58,4806.47,0.91,1,0.3
手机导航,4.6,17620,26393,0.96,5262.26,4880.29,0.93,1,0.3
手机导航,4.699999999999999,17620,26415,0.97,5268.12,4936.36,0.94,1,0.0
手机导航,4.799999999999999,17620,26437,0.97,5274.4,5009.05,0.95,1,0.3
手机导航,4.899999999999999,17620,26459,0.97,5279.95,5061.66,0.96,1,0.0
手机导航,5.999999999999995,17620,26615,0.97,5321.36,5479.29,1.03,1,0.3
手机导航,6.099999999999994,17620,26631,0.97,5325.35,5510.51,1.03,1,0.3
手机导航,6.199999999999994,17620,26645,0.97,5328.89,5543.0,1.04,1,0.3
手机导航,6.299999999999994,17620,26662,0.97,5333.32,5583.32,1.05,1,0.3
手机导航,6.399999999999993,17620,26680,0.98,5337.83,5625.28,1.05,1,0.3
手机导航,6.499999999999993,17620,26701,0.98,5343.75,5693.75,1.07,1,0.3
手机导航,6.5999999999999925,17620,26722,0.98,5348.83,5753.12,1.08,1,0.3
手机导航,6.699999999999992,17620,26742,0.98,5353.91,5801.1,1.08,1,0.3
手机导航,6.799999999999992,17620,26762,0.98,5358.61,5853.09,1.09,1,0.3
手机导航,6.8999999999999915,17620,26784,0.98,5363.8,5906.31,1.1,1,0.3
手机导航,6.999999999999991,17620,26801,0.98,5368.01,5949.63,1.11,1,0.0
手机导航,7.099999999999991,17620,26821,0.98,5372.82,5999.07,1.12,1,0.0
手机导航,7.19999999999999,17620,26838,0.98,5377.05,6047.51,1.12,1,0.3
手机导航,7.29999999999999,17620,26853,0.98,5380.63,6083.71,1.13,1,0.0
手机导航,7.39999999999999,17620,26864,0.98,5383.39,6113.33,1.14,1,0.3
手机导航,7.499999999999989,17620,26878,0.98,5386.76,6147.81,1.14,1,0.3
手机导航,7.599999999999989,17620,26890,0.98,5389.46,6176.91,1.15,1,0.3
手机导航,7.699999999999989,17620,26903,0.98,5392.75,6210.9,1.15,1,0.3
手机导航,7.799999999999988,17620,26917,0.98,5396.13,6247.37,1.16,1,0.3
手机导航,7.899999999999988,17620,26932,0.98,5399.64,6281.45,1.16,1,0.3
手机导航,7.999999999999988,17620,26945,0.99,5402.52,6310.19,1.17,1,0.0
手机导航,8.099999999999987,17620,26961,0.99,5406.49,6351.62,1.17,1,0.3
手机导航,8.199999999999987,17620,26980,0.99,5411.02,6403.93,1.18,1,0.3
手机导航,8.299999999999986,17620,27003,0.99,5416.05,6458.86,1.19,1,0.3
手机导航,8.399999999999986,17620,27025,0.99,5421.82,6512.64,1.2,1,0.3
手机导航,8.499999999999986,17620,27053,0.99,5428.62,6582.17,1.21,1,0.3
手机导航,8.599999999999985,17620,27074,0.99,5433.89,6637.99,1.22,1,0.0
手机导航,8.699999999999985,17620,27096,0.99,5439.32,6698.46,1.23,1,0.3
手机导航,8.799999999999985,17620,27121,0.99,5445.49,6766.45,1.24,1,0.3
手机导航,8.899999999999984,17620,27138,0.99,5449.33,6811.8,1.25,1,0.3
手机导航,8.999999999999984,17620,27156,0.99,5453.68,6867.07,1.26,1,0.3
手机导航,9.099999999999984,17620,27171,0.99,5457.22,6907.68,1.27,1,0.0
手机导航,9.199999999999983,17620,27189,0.99,5461.46,6959.75,1.27,1,0.3
手机导航,9.299999999999983,17620,27203,0.99,5464.7,7006.2,1.28,1,0.3
手机导航,9.399999999999983,17620,27217,1.0,5467.63,7044.98,1.29,1,0.3
手机导航,9.499999999999982,17620,27230,1.0,5470.5,7078.83,1.29,1,0.3
手机导航,9.599999999999982,17620,27239,1.0,5472.61,7108.9,1.3,1,0.3
手机导航,9.699999999999982,17620,27245,1.0,5474.15,7127.04,1.3,1,0.3
手机导航,9.799999999999981,17620,27250,1.0,5475.25,7141.44,1.3,1,0.3
手机导航,9.89999999999998,17620,27255,1.0,5476.28,7154.72,1.31,1,0.3
手机导航,9.99999999999998,17620,27258,1.0,5476.76,7163.13,1.31,1,0.0
语音导航,0.3,1763,740,0.47,185.15,25.99,0.14,1,0.3
语音导航,0.5,1763,1095,0.71,290.37,61.3,0.21,1,0.0
语音导航,0.6,1763,1184,0.75,323.04,76.29,0.24,1,0.3
语音导航,0.7,1763,1259,0.8,349.24,92.52,0.26,1,0.0
语音导航,0.7999999999999999,1763,1314,0.84,366.74,107.12,0.29,1,0.3
语音导航,0.8999999999999999,1763,1370,0.87,383.87,123.75,0.32,1,0.3
语音导航,0.9999999999999999,1763,1408,0.9,394.75,135.73,0.34,1,0.3
语音导航,1.0999999999999999,1763,1434,0.92,401.62,143.68,0.36,1,0.0
语音导航,1.2,1763,1453,0.93,406.66,150.72,0.37,1,0.3
语音导航,1.3,1763,1468,0.94,410.66,156.32,0.38,1,0.3
语音导航,1.4000000000000001,1763,1477,0.94,412.72,160.23,0.39,1,0.0
语音导航,1.5000000000000002,1763,1484,0.95,414.21,162.47,0.39,1,0.3
语音导航,1.6000000000000003,1763,1490,0.95,415.68,165.44,0.4,1,0.3
语音导航,1.7000000000000004,1763,1495,0.96,416.84,167.41,0.4,1,0.0
语音导航,1.8000000000000005,1763,1499,0.96,417.86,169.54,0.41,1,0.3
语音导航,1.9000000000000006,1763,1504,0.96,418.82,171.4,0.41,1,0.0
语音导航,2.0000000000000004,1763,1509,0.97,419.76,173.25,0.41,1,0.3
语音导航,2.1000000000000005,1763,1513,0.97,420.56,174.83,0.42,1,0.3
语音导航,2.2000000000000006,1763,1515,0.97,421.13,176.1,0.42,1,0.3
语音导航,2.3000000000000007,1763,1518,0.97,421.67,177.32,0.42,1,0.3
语音导航,2.400000000000001,1763,1521,0.97,422.17,178.52,0.42,1,0.0
语音导航,2.500000000000001,1763,1523,0.97,422.67,179.74,0.43,1,0.0
语音导航,2.600000000000001,1763,1526,0.98,423.07,180.85,0.43,1,0.0
语音导航,2.700000000000001,1763,1529,0.98,423.69,182.75,0.43,1,0.3
语音导航,2.800000000000001,1763,1532,0.98,424.12,183.91,0.43,1,0.3
语音导航,2.9000000000000012,1763,1534,0.98,424.47,184.92,0.44,1,0.3
语音导航,3.0000000000000013,1763,1537,0.98,424.99,186.41,0.44,1,0.3
语音导航,3.1000000000000014,1763,1540,0.99,425.41,187.72,0.44,1,0.3
语音导航,3.2000000000000015,1763,1541,0.99,425.62,188.39,0.44,1,0.0
语音导航,3.3000000000000016,1763,1543,0.99,425.98,189.55,0.44,1,0.0
语音导航,3.4000000000000017,1763,1545,0.99,426.3,190.51,0.45,1,0.3
语音导航,3.5000000000000018,1763,1547,0.99,426.69,191.91,0.45,1,0.0
语音导航,3.600000000000002,1763,1549,0.99,426.93,192.9,0.45,1,0.3
语音导航,3.700000000000002,1763,1550,0.99,427.14,193.78,0.45,1,0.3
语音导航,3.800000000000002,1763,1551,0.99,427.33,194.49,0.46,1,0.0
语音导航,3.900000000000002,1763,1551,0.99,427.38,194.69,0.46,1,0.0
语音导航,4.000000000000002,1763,1552,0.99,427.5,195.25,0.46,1,0.3
语音导航,4.100000000000001,1763,1553,0.99,427.56,195.5,0.46,1,0.3
语音导航,4.200000000000001,1763,1553,0.99,427.66,196.01,0.46,1,0.0
语音导航,4.300000000000001,1763,1554,0.99,427.78,196.57,0.46,1,0.0
语音导航,4.4,1763,1554,0.99,427.87,197.04,0.46,1,0.3
语音导航,4.5,1763,1555,1.0,427.91,197.2,0.46,1,0.3
语音导航,4.6,1763,1555,1.0,427.97,197.48,0.46,1,0.3
语音导航,4.699999999999999,1763,1556,1.0,428.07,197.94,0.46,1,0.3
语音导航,4.799999999999999,1763,1556,1.0,428.09,198.03,0.46,1,0.3
语音导航,4.899999999999999,1763,1556,1.0,428.17,198.41,0.46,1,0.3
语音导航,4.999999999999998,1763,1556,1.0,428.17,198.41,0.46,1,0.3
语音导航,5.099999999999998,1763,1556,1.0,428.17,198.41,0.46,1,0.3
语音导航,5.1999999999999975,1763,1556,1.0,428.17,198.41,0.46,1,0.3
语音导航,5.299999999999997,1763,1557,1.0,428.22,198.75,0.46,1,0.3
语音导航,5.399999999999997,1763,1557,1.0,428.26,198.94,0.46,1,0.3
语音导航,5.4999999999999964,1763,1557,1.0,428.26,198.94,0.46,1,0.0
语音导航,5.599999999999996,1763,1557,1.0,428.26,198.94,0.46,1,0.3
语音导航,5.699999999999996,1763,1557,1.0,428.29,199.1,0.46,1,0.3
语音导航,5.799999999999995,1763,1557,1.0,428.32,199.3,0.47,1,0.3
语音导航,5.899999999999995,1763,1557,1.0,428.32,199.3,0.47,1,0.3
语音导航,5.999999999999995,1763,1557,1.0,428.37,199.57,0.47,1,0.3
语音导航,6.099999999999994,1763,1558,1.0,428.43,200.27,0.47,1,0.3
语音导航,6.199999999999994,1763,1558,1.0,428.43,200.27,0.47,1,0.3
语音导航,6.299999999999994,1763,1558,1.0,428.48,200.59,0.47,1,0.3
语音导航,6.399999999999993,1763,1558,1.0,428.48,200.59,0.47,1,0.3
语音导航,6.499999999999993,1763,1558,1.0,428.48,200.59,0.47,1,0.3
语音导航,6.5999999999999925,1763,1558,1.0,428.5,200.73,0.47,1,0.3
语音导航,6.699999999999992,1763,1558,1.0,428.5,200.73,0.47,1,0.0
语音导航,6.799999999999992,1763,1558,1.0,428.5,200.73,0.47,1,0.3
语音导航,6.8999999999999915,1763,1558,1.0,428.55,201.09,0.47,1,0.3
语音导航,6.999999999999991,1763,1558,1.0,428.55,201.09,0.47,1,0.0
语音导航,7.099999999999991,1763,1558,1.0,428.6,201.45,0.47,1,0.3
语音导航,7.19999999999999,1763,1558,1.0,428.6,201.45,0.47,1,0.3
语音导航,7.29999999999999,1763,1558,1.0,428.6,201.45,0.47,1,0.0
语音导航,7.39999999999999,1763,1558,1.0,428.6,201.45,0.47,1,0.3
语音导航,7.499999999999989,1763,1558,1.0,428.6,201.45,0.47,1,0.3
语音导航,7.599999999999989,1763,1558,1.0,428.6,201.45,0.47,1,0.3
语音导航,7.699999999999989,1763,1558,1.0,428.6,201.45,0.47,1,0.3
语音导航,7.799999999999988,1763,1558,1.0,428.6,201.45,0.47,1,0.3
语音导航,7.899999999999988,1763,1559,1.0,428.71,202.26,0.47,1,0.0
语音导航,7.999999999999988,1763,1559,1.0,428.71,202.26,0.47,1,0.0
语音导航,8.099999999999987,1763,1559,1.0,428.76,202.68,0.47,1,0.3
语音导航,8.199999999999987,1763,1559,1.0,428.76,202.68,0.47,1,0.3
语音导航,8.299999999999986,1763,1559,1.0,428.81,203.1,0.47,1,0.3
语音导航,8.399999999999986,1763,1559,1.0,428.81,203.1,0.47,1,0.0
语音导航,8.499999999999986,1763,1559,1.0,428.81,203.1,0.47,1,0.0
语音导航,8.599999999999985,1763,1559,1.0,428.81,203.1,0.47,1,0.0
语音导航,8.699999999999985,1763,1559,1.0,428.81,203.1,0.47,1,0.3
语音导航,8.799999999999985,1763,1559,1.0,428.81,203.1,0.47,1,0.3
语音导航,8.899999999999984,1763,1559,1.0,428.81,203.1,0.47,1,0.3
语音导航,8.999999999999984,1763,1560,1.0,428.97,204.49,0.48,1,0.3
语音导航,9.199999999999983,1763,1560,1.0,428.97,204.49,0.48,1,0.3
语音导航,9.299999999999983,1763,1560,1.0,428.97,204.49,0.48,1,0.3
语音导航,9.399999999999983,1763,1560,1.0,429.02,204.98,0.48,1,0.3
语音导航,9.499999999999982,1763,1560,1.0,429.02,204.98,0.48,1,0.3
语音导航,9.599999999999982,1763,1560,1.0,429.02,204.98,0.48,1,0.3
语音导航,9.699999999999982,1763,1560,1.0,429.12,206.19,0.48,1,0.3
语音导航,9.799999999999981,1763,1560,1.0,429.12,206.19,0.48,1,0.3
语音导航,9.89999999999998,1763,1560,1.0,429.12,206.19,0.48,1,0.3
语音导航,9.99999999999998,1763,1560,1.0,429.12,206.19,0.48,1,0.3
